MEMBER_ID,HOUSEHOLD_ID,MEMBER_INDICATOR,CLIENT_ID,STATE,REGION,ZIP,GENDER,AGE,Elig_SDT,MONSIN_ELIGSTART,MONTHS_ELIG_TO_FIRSTENG,CLIENT_ENROLL_CONTRACT_TYP,CLIENT_UNION_IND,CLIENT_NAICS2,CLIENT_DEF_HC_TYPE,Legacy_Co,Union_Status,Industry
0,0011U00000rh9XaQAI,Primary,0011U00000rhpMXQAY,NJ,Northeast,7001,Female,57,42892,42,,Flat Fee,Non-Union,Local Government,Near Site,Paladina,Non-Union,Local Government
1,0011U00000rhJFIQA2,Primary,0011U00000rhpMXQAY,NJ,Northeast,7001,Female,39,43556,20,,Flat Fee,Non-Union,Local Government,Near Site,Paladina,Non-Union,Local Government
2,0011U00000rgq0DQAQ,Primary,0011U00000rhpMXQAY,MA,Northeast,4038,Male,45,42892,42,,Flat Fee,Non-Union,Local Government,Near Site,Paladina,Non-Union,Local Government
3,0011U00000rh4B0QAI,Primary,0011U00000rhpMXQAY,MA,Northeast,2120,Male,60,42892,42,,Flat Fee,Non-Union,Local Government,Near Site,Paladina,Non-Union,Local Government
4,0011U00000rhCVbQAM,Primary,0011U00000rhpMXQAY,MA,Northeast,7001,Male,38,43162,33,,Flat Fee,Non-Union,Local Government,Near Site,Paladina,Non-Union,Local Government
5,0011U00000rhjptQAA,Primary,0011U00000rhpMXQAY,MA,Northeast,4612,Male,64,42892,42,,Flat Fee,Non-Union,Local Government,Near Site,Paladina,Non-Union,Local Government
6,0011U00000rgis2QAA,Primary,0011U00000rhpMXQAY,NH,Northeast,1077,Male,42,43525,21,,Flat Fee,Non-Union,Local Government,Near Site,Paladina,Non-Union,Local Government
7,0014w000031pLRWAA2,Primary,0013g000006NvUHAA0,NJ,Northeast,7001,Male,50,43101,35,,All-In-Eligible,Non-Union,Wholesale Trade,On Site,Activate,Non-Union,Wholesale Trade
8,0011U00000rhKXHQA2,Other,0011U00000rhpMXQAY,MA,Northeast,7001,Male,49,42892,42,,Flat Fee,Non-Union,Local Government,Near Site,Paladina,Non-Union,Local Government
9,0011U00000rh97sQAA,Spouse,0011U00000rhpMXQAY,CT,Northeast,7001,Male,33,43070,36,,Flat Fee,Non-Union,Local Government,Near Site,Paladina,Non-Union,Local Government
10,0011U00000rhBnfQAE,Other,0011U00000rhpMXQAY,NJ,Northeast,7001,Male,23,42892,42,,Flat Fee,Non-Union,Local Government,Near Site,Paladina,Non-Union,Local Government
11,0011U00000rgqAXQAY,Child,0011U00000rhpMXQAY,NJ,Northeast,6786,Male,16,43101,35,,Flat Fee,Non-Union,Local Government,Near Site,Paladina,Non-Union,Local Government
12,0014w000031pwo2AAA,Child,0013g000006NvUHAA0,MA,Northeast,4401,Male,63,41526,87,,All-In-Eligible,Non-Union,Wholesale Trade,On Site,Activate,Non-Union,Wholesale Trade
13,0011U00000rhgYVQAY,Primary,0011U00000rhpMXQAY,MA,Northeast,7001,Male,53,42892,42,,Flat Fee,Non-Union,Local Government,Near Site,Paladina,Non-Union,Local Government
14,,Primary,0011U00000rhpNkQAI,MA,Northeast,7001,Male,45,44166,0,,Opt In,Non-Union,Educational Services,Near Site,Paladina,Non-Union,Educational Services
15,0011U00000rhLjqQAE,Primary,0011U00000rhpMXQAY,NJ,Northeast,1440,Male,57,42892,42,,Flat Fee,Non-Union,Local Government,Near Site,Paladina,Non-Union,Local Government
16,0014w00002pQ9SgAAK,Primary,0013g000006NvUHAA0,NJ,Northeast,7001,Male,53,42662,50,,All-In-Eligible,Non-Union,Wholesale Trade,On Site,Activate,Non-Union,Wholesale Trade
17,0014w00002pQ9dDAAS,Primary,0013g000006NvUHAA0,CT,Northeast,4263,Male,40,42662,50,,All-In-Eligible,Non-Union,Wholesale Trade,On Site,Activate,Non-Union,Wholesale Trade
18,0014w000031pJa1AAE,Spouse,0013g000006NvUHAA0,MA,Northeast,6067,Male,56,43101,35,,All-In-Eligible,Non-Union,Wholesale Trade,On Site,Activate,Non-Union,Wholesale Trade
19,0011U00000rhjWWQAY,Other,0011U00000rhpMXQAY,NJ,Northeast,1420,Male,48,42892,42,,Flat Fee,Non-Union,Local Government,Near Site,Paladina,Non-Union,Local Government
20,0011U00000rh9AcQAI,Primary,0011U00000rhpMXQAY,NJ,Northeast,7001,Male,63,42892,42,,Flat Fee,Non-Union,Local Government,Near Site,Paladina,Non-Union,Local Government
21,0014w00002pQ9ccAAC,Primary,0013g000006NvUHAA0,RI,Northeast,4038,Male,69,42662,50,,All-In-Eligible,Non-Union,Wholesale Trade,On Site,Activate,Non-Union,Wholesale Trade
22,0014w00002pQCGaAAO,Primary,0013g000006NvUHAA0,CT,Northeast,7001,Female,59,42662,50,39,All-In-Eligible,Non-Union,Wholesale Trade,On Site,Activate,Non-Union,Wholesale Trade
23,0014w000031pL9OAAU,Spouse,0013g000006NvUHAA0,NJ,Northeast,1420,Female,56,44044,4,,All-In-Eligible,Non-Union,Wholesale Trade,On Site,Activate,Non-Union,Wholesale Trade
24,0011U00000rhgYVQAY,Other,0011U00000rhpMXQAY,NJ,Midwest,1606,Female,51,42892,42,,Flat Fee,Non-Union,Local Government,Near Site,Paladina,Non-Union,Local Government
25,0013g000003otDuAAI,Primary,0011U00000rhpMXQAY,NJ,Northeast,4102,Female,68,43862,10,,Flat Fee,Non-Union,Local Government,Near Site,Paladina,Non-Union,Local Government
26,0014w00002pQAI9AAO,Primary,0013g000006NvUHAA0,NJ,Northeast,1420,Male,65,42662,50,5,All-In-Eligible,Non-Union,Wholesale Trade,On Site,Activate,Non-Union,Wholesale Trade
27,0011U00000rhGmwQAE,Primary,0011U00000rhpMXQAY,NJ,Northeast,7001,Female,69,43282,29,,Flat Fee,Non-Union,Local Government,Near Site,Paladina,Non-Union,Local Government
28,0011U00000rhIlmQAE,Other,0011U00000rhpMXQAY,NJ,Northeast,1420,Male,22,42892,42,,Flat Fee,Non-Union,Local Government,Near Site,Paladina,Non-Union,Local Government
29,0011U00001ApK2UQAV,Spouse,0011U00000rhpMXQAY,VT,Northeast,1420,Female,64,43831,11,,Flat Fee,Non-Union,Local Government,Near Site,Paladina,Non-Union,Local Government
30,0014w00003GEcfDAAT,Child,0013g000006NvU7AAK,MA,Northeast,7001,Female,15,41101,101,,All-In-Eligible,Non-Union,Educational Services,On Site,Activate,Non-Union,Educational Services
31,0011U00000rhBnfQAE,Primary,0011U00000rhpMXQAY,MA,Northeast,6108,Female,50,42892,42,,Flat Fee,Non-Union,Local Government,Near Site,Paladina,Non-Union,Local Government
32,0014w000031pweQAAQ,Child,0013g000006NvUHAA0,MA,Midwest,7001,Female,28,43948,8,,All-In-Eligible,Non-Union,Wholesale Trade,On Site,Activate,Non-Union,Wholesale Trade
33,0011U00000rh2fAQAQ,Primary,0011U00000rhpMXQAY,CT,Northeast,7001,Female,51,42892,42,,Flat Fee,Non-Union,Local Government,Near Site,Paladina,Non-Union,Local Government
34,0011U00000rh9ZyQAI,Other,0011U00000rhpMXQAY,NJ,Northeast,7001,Female,50,42892,42,,Flat Fee,Non-Union,Local Government,Near Site,Paladina,Non-Union,Local Government
35,0014w00003GEjmLAAT,Primary,0011U000017FGjcQAG,NJ,Northeast,7001,Female,58,43455,24,,All-In-Eligible,Non-Union,Retail Trade,Near Site,Activate,Non-Union,Retail Trade
36,0011U00000rh0MjQAI,Primary,0011U00000rhpMXQAY,MA,Northeast,6107,Female,65,42892,42,,Flat Fee,Non-Union,Local Government,Near Site,Paladina,Non-Union,Local Government
37,0011U00000rgmLcQAI,Primary,0011U00000rhpMXQAY,CT,Northeast,1420,Male,40,43040,37,,Flat Fee,Non-Union,Local Government,Near Site,Paladina,Non-Union,Local Government
38,0014w000031pLJyAAM,Primary,0013g000006NvUHAA0,IN,Northeast,1845,Male,38,43394,26,,All-In-Eligible,Non-Union,Wholesale Trade,On Site,Activate,Non-Union,Wholesale Trade
39,0011U00000rh3o7QAA,Other,0011U00000rhpMXQAY,NJ,Northeast,6107,Male,29,42892,42,,Flat Fee,Non-Union,Local Government,Near Site,Paladina,Non-Union,Local Government
40,0014w000031pwdgAAA,Child,0013g000006NvUHAA0,NJ,Northeast,7001,Female,44,43893,9,,All-In-Eligible,Non-Union,Wholesale Trade,On Site,Activate,Non-Union,Wholesale Trade
41,0011U00000rhGOsQAM,Primary,0011U00000rhpMXQAY,MA,Northeast,7001,Female,47,42892,42,,Flat Fee,Non-Union,Local Government,Near Site,Paladina,Non-Union,Local Government
42,0011U00000rgsBdQAI,Other,0011U00000rhpMXQAY,NJ,Northeast,3110,Male,59,43800,12,,Flat Fee,Non-Union,Local Government,Near Site,Paladina,Non-Union,Local Government
43,0011U00001ApNh8QAF,Primary,0011U00000rhpMXQAY,NJ,Northeast,7001,Female,36,43831,11,,Flat Fee,Non-Union,Local Government,Near Site,Paladina,Non-Union,Local Government
44,0011U00000rhIo3QAE,Primary,0011U00000rhpMXQAY,RI,Northeast,2644,Male,63,42892,42,,Flat Fee,Non-Union,Local Government,Near Site,Paladina,Non-Union,Local Government
45,0014w000031pwh4AAA,Child,0013g000006NvUHAA0,NJ,Northeast,1420,Female,43,39218,163,,All-In-Eligible,Non-Union,Wholesale Trade,On Site,Activate,Non-Union,Wholesale Trade
46,0011U00000rhHJHQA2,Other,0011U00000rhpMXQAY,NJ,Northeast,3087,Female,48,42892,42,,Flat Fee,Non-Union,Local Government,Near Site,Paladina,Non-Union,Local Government
47,0011U00000rhFfkQAE,Child,0011U00000rhpMXQAY,NJ,Northeast,7001,Male,25,43160,33,,Flat Fee,Non-Union,Local Government,Near Site,Paladina,Non-Union,Local Government
48,0014w000031pJChAAM,Primary,0013g000006NvUHAA0,MA,Northeast,2478,Female,52,43586,19,,All-In-Eligible,Non-Union,Wholesale Trade,On Site,Activate,Non-Union,Wholesale Trade
49,0011U00000rhbC1QAI,Other,0011U00000rhpMXQAY,NJ,Northeast,7001,Female,14,43647,17,,Flat Fee,Non-Union,Local Government,Near Site,Paladina,Non-Union,Local Government
50,0014w000031pLPEAA2,Primary,0013g000006NvUHAA0,NJ,Northeast,7001,Female,55,43259,30,,All-In-Eligible,Non-Union,Wholesale Trade,On Site,Activate,Non-Union,Wholesale Trade
51,0011U00000rhkRMQAY,Primary,0011U00000rhpMXQAY,NJ,Northeast,7001,Female,66,43282,29,,Flat Fee,Non-Union,Local Government,Near Site,Paladina,Non-Union,Local Government
52,0014w00002pQAwvAAG,Primary,0013g000006NvUHAA0,NJ,Northeast,7001,Female,35,42712,48,,All-In-Eligible,Non-Union,Wholesale Trade,On Site,Activate,Non-Union,Wholesale Trade
53,0014w000031pLXQAA2,Primary,0013g000006NvUHAA0,NJ,Northeast,6517,Male,42,43831,11,,All-In-Eligible,Non-Union,Wholesale Trade,On Site,Activate,Non-Union,Wholesale Trade
54,0011U00000rh1ukQAA,Primary,0011U00000rhpMXQAY,NJ,Northeast,4038,Female,72,42892,42,,Flat Fee,Non-Union,Local Government,Near Site,Paladina,Non-Union,Local Government
55,0011U00000rh0MjQAI,Other,0011U00000rhpMXQAY,CT,Northeast,7001,Female,27,42924,41,,Flat Fee,Non-Union,Local Government,Near Site,Paladina,Non-Union,Local Government
56,0014w000031pLHRAA2,Primary,0013g000006NvUHAA0,NJ,Northeast,1845,Female,60,44167,0,,All-In-Eligible,Non-Union,Wholesale Trade,On Site,Activate,Non-Union,Wholesale Trade
57,0013g00000B3yBNAAZ,Spouse,0011U00000rhpLKQAY,NJ,Northeast,7001,Female,81,44136,1,,Opt In,Non-Union,Health Care and Social Assistance,Near Site,Everside,Non-Union,Health Care and Social Assistance
58,0011U00000rh2cUQAQ,Other,0011U00000rhpMXQAY,NJ,Northeast,1453,Female,30,42948,40,,Flat Fee,Non-Union,Local Government,Near Site,Paladina,Non-Union,Local Government
59,0014w00002pQCgRAAW,Primary,0013g000006NvUHAA0,NJ,Northeast,7001,Female,62,42662,50,,All-In-Eligible,Non-Union,Wholesale Trade,On Site,Activate,Non-Union,Wholesale Trade
60,0011U00000rhTcJQAU,Other,0011U00000rhpMXQAY,NJ,Northeast,7001,Female,52,43831,11,,Flat Fee,Non-Union,Local Government,Near Site,Paladina,Non-Union,Local Government
61,0014w000031pJChAAM,Spouse,0013g000006NvUHAA0,NJ,Northeast,7001,Male,55,43586,19,,All-In-Eligible,Non-Union,Wholesale Trade,On Site,Activate,Non-Union,Wholesale Trade
62,0014w000031pJChAAM,Child,0013g000006NvUHAA0,MA,Northeast,3104,Female,16,43586,19,,All-In-Eligible,Non-Union,Wholesale Trade,On Site,Activate,Non-Union,Wholesale Trade
63,0011U00000rgyvrQAA,Other,0011U00000rhpMXQAY,NJ,Northeast,7001,Female,48,42892,42,,Flat Fee,Non-Union,Local Government,Near Site,Paladina,Non-Union,Local Government
64,0011U00000rgmLcQAI,Child,0011U00000rhpMXQAY,NJ,Northeast,6107,Male,10,43040,37,,Flat Fee,Non-Union,Local Government,Near Site,Paladina,Non-Union,Local Government
65,0014w000031pwkvAAA,Child,0013g000006NvUHAA0,CT,Northeast,6704,Female,54,40882,108,,All-In-Eligible,Non-Union,Wholesale Trade,On Site,Activate,Non-Union,Wholesale Trade
66,0014w000031pLYYAA2,Primary,0013g000006NvUHAA0,NJ,Northeast,7001,Male,32,43738,15,,All-In-Eligible,Non-Union,Wholesale Trade,On Site,Activate,Non-Union,Wholesale Trade
67,0014w000031pJZtAAM,Child,0013g000006NvUHAA0,MA,Northeast,7001,Female,26,43101,35,,All-In-Eligible,Non-Union,Wholesale Trade,On Site,Activate,Non-Union,Wholesale Trade
68,0011U00000rhG0qQAE,Other,0011U00000rhpMXQAY,NJ,Northeast,7001,Female,15,42948,40,,Flat Fee,Non-Union,Local Government,Near Site,Paladina,Non-Union,Local Government
69,0011U00000rh11qQAA,Spouse,0011U00000rhpMXQAY,NJ,Northeast,7001,Female,41,43525,21,,Flat Fee,Non-Union,Local Government,Near Site,Paladina,Non-Union,Local Government
70,0011U00000rhLwfQAE,Other,0011U00000rhpMXQAY,NJ,Northeast,7001,Female,20,43313,28,,Flat Fee,Non-Union,Local Government,Near Site,Paladina,Non-Union,Local Government
71,0011U0000124lLGQAY,Primary,0011U00000rhpMXQAY,NJ,Northeast,2081,Male,45,43739,14,,Flat Fee,Non-Union,Local Government,Near Site,Paladina,Non-Union,Local Government
72,0014w000031pLCrAAM,Primary,0013g000006NvUHAA0,MA,Northeast,7001,Female,64,43101,35,,All-In-Eligible,Non-Union,Wholesale Trade,On Site,Activate,Non-Union,Wholesale Trade
73,0011U00000rgteoQAA,Primary,0011U00000rhpMXQAY,NJ,Northeast,1420,Male,33,43477,23,,Flat Fee,Non-Union,Local Government,Near Site,Paladina,Non-Union,Local Government
74,0014w00002pQAndAAG,Child,0013g000006NvUHAA0,ME,Northeast,6786,Male,20,42662,50,,All-In-Eligible,Non-Union,Wholesale Trade,On Site,Activate,Non-Union,Wholesale Trade
75,0011U00000rhFfkQAE,Child,0011U00000rhpMXQAY,NJ,Northeast,7001,Female,24,43160,33,,Flat Fee,Non-Union,Local Government,Near Site,Paladina,Non-Union,Local Government
76,0011U00000rhEVnQAM,Other,0011U00000rhpMXQAY,NJ,Northeast,7001,Female,39,42892,42,,Flat Fee,Non-Union,Local Government,Near Site,Paladina,Non-Union,Local Government
77,0014w00002pQ9cWAAS,Primary,0013g000006NvUHAA0,NJ,Northeast,7001,Male,60,42662,50,,All-In-Eligible,Non-Union,Wholesale Trade,On Site,Activate,Non-Union,Wholesale Trade
78,0011U00000rh1RTQAY,Primary,0011U00000rhpMXQAY,MA,Northeast,7001,Female,65,43282,29,,Flat Fee,Non-Union,Local Government,Near Site,Paladina,Non-Union,Local Government
79,0014w000031pwlbAAA,Child,0013g000006NvUHAA0,NJ,Northeast,7001,Male,48,43129,35,,All-In-Eligible,Non-Union,Wholesale Trade,On Site,Activate,Non-Union,Wholesale Trade
80,0014w000031pwcBAAQ,Child,0013g000006NvUHAA0,MA,Northeast,1420,Female,54,44180,0,,All-In-Eligible,Non-Union,Wholesale Trade,On Site,Activate,Non-Union,Wholesale Trade
81,0011U00000rhI9dQAE,Primary,0011U00000rhpMXQAY,NJ,Northeast,7001,Female,55,42892,42,,Flat Fee,Non-Union,Local Government,Near Site,Paladina,Non-Union,Local Government
82,0011U00000rhHSPQA2,Other,0011U00000rhpMXQAY,ME,Northeast,7001,Female,29,42892,42,,Flat Fee,Non-Union,Local Government,Near Site,Paladina,Non-Union,Local Government
83,0014w000031pLEDAA2,Primary,0013g000006NvUHAA0,CT,Northeast,2644,Female,67,43466,23,,All-In-Eligible,Non-Union,Wholesale Trade,On Site,Activate,Non-Union,Wholesale Trade
84,0011U00000rhIlmQAE,Primary,0011U00000rhpMXQAY,NJ,Northeast,7001,Male,48,42892,42,,Flat Fee,Non-Union,Local Government,Near Site,Paladina,Non-Union,Local Government
85,0014w000031pLclAAE,Primary,0013g000006NvUHAA0,IN,Northeast,1420,Male,49,43101,35,,All-In-Eligible,Non-Union,Wholesale Trade,On Site,Activate,Non-Union,Wholesale Trade
86,0011U00000rhEEiQAM,Primary,0011U00000rhpMXQAY,NJ,Northeast,7001,Male,47,43466,23,,Flat Fee,Non-Union,Local Government,Near Site,Paladina,Non-Union,Local Government
87,0011U00000rhGOsQAM,Other,0011U00000rhpMXQAY,NJ,Northeast,2816,Female,19,42892,42,,Flat Fee,Non-Union,Local Government,Near Site,Paladina,Non-Union,Local Government
88,0011U00000rhAE9QAM,Primary,0011U00000rhpMXQAY,NJ,Northeast,1930,Male,76,42892,42,,Flat Fee,Non-Union,Local Government,Near Site,Paladina,Non-Union,Local Government
89,0011U00000rhFW1QAM,Primary,0011U00000rhpMXQAY,NJ,Northeast,7001,Male,50,42948,40,,Flat Fee,Non-Union,Local Government,Near Site,Paladina,Non-Union,Local Government
90,0011U00000rh4smQAA,Other,0011U00000rhpMXQAY,NJ,Northeast,7001,Female,64,42892,42,,Flat Fee,Non-Union,Local Government,Near Site,Paladina,Non-Union,Local Government
91,0014w00002pQ9SoAAK,Primary,0013g000006NvUHAA0,MA,Northeast,4653,Female,52,42662,50,,All-In-Eligible,Non-Union,Wholesale Trade,On Site,Activate,Non-Union,Wholesale Trade
92,0014w000031pJGjAAM,Child,0013g000006NvUHAA0,CT,Northeast,7001,Female,24,44028,5,,All-In-Eligible,Non-Union,Wholesale Trade,On Site,Activate,Non-Union,Wholesale Trade
93,0014w00002pQCfQAAW,Primary,0013g000006NvUHAA0,NJ,Northeast,7001,Female,52,42662,50,,All-In-Eligible,Non-Union,Wholesale Trade,On Site,Activate,Non-Union,Wholesale Trade
94,0011U00000rhMq4QAE,Other,0011U00000rhpMXQAY,NJ,Northeast,7001,Female,29,42892,42,,Flat Fee,Non-Union,Local Government,Near Site,Paladina,Non-Union,Local Government
95,0014w00002pQAlFAAW,Primary,0013g000006NvUHAA0,NJ,Northeast,1510,Female,57,42662,50,,All-In-Eligible,Non-Union,Wholesale Trade,On Site,Activate,Non-Union,Wholesale Trade
96,0014w00003GEt1PAAT,Primary,0013g000006NvTwAAK,NJ,Northeast,5445,Female,76,42277,63,,All-In-Eligible,Non-Union,Educational Services,Near Site,Activate,Non-Union,Educational Services
97,0011U00000rhjNJQAY,Primary,0011U00000rhpMXQAY,NJ,Northeast,2067,Female,67,42892,42,,Flat Fee,Non-Union,Local Government,Near Site,Paladina,Non-Union,Local Government
98,0014w00003GEWoVAAX,Primary,0013g000006NvSaAAK,NJ,Northeast,4613,Female,44,42647,50,,All-In-Eligible,Non-Union,Manufacturing,Near Site,Activate,Non-Union,Manufacturing
99,0011U00000rguKBQAY,Other,0011U00000rhpMXQAY,NJ,Northeast,1801,Female,17,42892,42,,Flat Fee,Non-Union,Local Government,Near Site,Paladina,Non-Union,Local Government
100,0011U00000rgqqeQAA,Primary,0011U00000rhpMXQAY,NJ,Northeast,7001,Female,65,43831,11,,Flat Fee,Non-Union,Local Government,Near Site,Paladina,Non-Union,Local Government
101,0011U00000rh43fQAA,Primary,0011U00000rhpMXQAY,NH,Northeast,7001,Female,47,42948,40,,Flat Fee,Non-Union,Local Government,Near Site,Paladina,Non-Union,Local Government
102,0011U00000rgtN2QAI,Other,0011U00000rhpMXQAY,NJ,Northeast,7001,Female,15,42892,42,,Flat Fee,Non-Union,Local Government,Near Site,Paladina,Non-Union,Local Government
103,0011U00000rh6V6QAI,Other,0011U00000rhpMXQAY,NJ,Northeast,7001,Female,28,42892,42,,Flat Fee,Non-Union,Local Government,Near Site,Paladina,Non-Union,Local Government
104,0014w000031pwhjAAA,Child,0013g000006NvUHAA0,MA,Northeast,7001,Female,78,43325,28,,All-In-Eligible,Non-Union,Wholesale Trade,On Site,Activate,Non-Union,Wholesale Trade
105,0014w000031pJYVAA2,Primary,0013g000006NvUHAA0,NJ,Northeast,7001,Male,49,43101,35,,All-In-Eligible,Non-Union,Wholesale Trade,On Site,Activate,Non-Union,Wholesale Trade
106,0011U00000rgzi5QAA,Primary,0011U00000rhpMXQAY,MA,Northeast,1420,Female,36,42892,42,,Flat Fee,Non-Union,Local Government,Near Site,Paladina,Non-Union,Local Government
107,0011U00000rhiLsQAI,Primary,0011U00000rhpMXQAY,NJ,Northeast,1462,Female,75,42892,42,,Flat Fee,Non-Union,Local Government,Near Site,Paladina,Non-Union,Local Government
108,0011U00000rhSxiQAE,Child,0011U00000rhpMXQAY,NJ,Northeast,7001,Male,20,43678,16,,Flat Fee,Non-Union,Local Government,Near Site,Paladina,Non-Union,Local Government
109,0011U00000rh3TRQAY,Primary,0011U00000rhpMXQAY,MA,Northeast,7001,Male,69,42892,42,,Flat Fee,Non-Union,Local Government,Near Site,Paladina,Non-Union,Local Government
110,0014w000031pJGjAAM,Primary,0013g000006NvUHAA0,MA,Northeast,7001,Female,62,44028,5,,All-In-Eligible,Non-Union,Wholesale Trade,On Site,Activate,Non-Union,Wholesale Trade
111,0011U00000rh9ZyQAI,Other,0011U00000rhpMXQAY,NJ,Northeast,7001,Female,18,42892,42,,Flat Fee,Non-Union,Local Government,Near Site,Paladina,Non-Union,Local Government
112,0011U000014s5ppQAA,Primary,0011U00000rhpP2QAI,NJ,Northeast,7001,Female,55,43770,13,,Opt In,Non-Union,Health Care and Social Assistance,Near Site,Paladina,Non-Union,Health Care and Social Assistance
113,0013g0000091hJwAAI,Spouse,0011U00000rhpLKQAY,NJ,Northeast,1453,Female,63,44075,3,,Opt In,Non-Union,Health Care and Social Assistance,Near Site,Everside,Non-Union,Health Care and Social Assistance
114,0011U00000rgzYnQAI,Spouse,0011U00000rhpMXQAY,CT,Northeast,7001,Female,74,43466,23,,Flat Fee,Non-Union,Local Government,Near Site,Paladina,Non-Union,Local Government
115,0014w000031pJRhAAM,Child,0013g000006NvUHAA0,MA,Northeast,7001,Female,30,43101,35,,All-In-Eligible,Non-Union,Wholesale Trade,On Site,Activate,Non-Union,Wholesale Trade
116,0011U00000rh51YQAQ,Primary,0011U00000rhpMXQAY,MA,Northeast,4401,Male,51,42892,42,,Flat Fee,Non-Union,Local Government,Near Site,Paladina,Non-Union,Local Government
117,0011U00000rh03DQAQ,Primary,0011U00000rhpMXQAY,NJ,Northeast,6108,Female,34,43466,23,,Flat Fee,Non-Union,Local Government,Near Site,Paladina,Non-Union,Local Government
118,0011U00000rguEzQAI,Primary,0011U00000rhpMXQAY,MA,Northeast,7001,Female,46,43466,23,,Flat Fee,Non-Union,Local Government,Near Site,Paladina,Non-Union,Local Government
119,0014w000031pJCXAA2,Primary,0013g000006NvUHAA0,MA,Northeast,7001,Female,64,43567,20,,All-In-Eligible,Non-Union,Wholesale Trade,On Site,Activate,Non-Union,Wholesale Trade
120,0014w000031pLf4AAE,Primary,0013g000006NvUHAA0,NJ,Northeast,7001,Female,55,43181,33,,All-In-Eligible,Non-Union,Wholesale Trade,On Site,Activate,Non-Union,Wholesale Trade
121,0011U00000rhnmoQAA,Other,0011U00000rhpMXQAY,CT,Northeast,1821,Female,36,43709,15,,Flat Fee,Non-Union,Local Government,Near Site,Paladina,Non-Union,Local Government
122,0011U00000rhmZRQAY,Primary,0011U00000rhpMXQAY,NJ,Northeast,7001,Male,63,43132,34,,Flat Fee,Non-Union,Local Government,Near Site,Paladina,Non-Union,Local Government
123,0011U00000rhNCfQAM,Other,0011U00000rhpMXQAY,IN,Northeast,7001,Female,12,42892,42,,Flat Fee,Non-Union,Local Government,Near Site,Paladina,Non-Union,Local Government
124,0011U00000rhNypQAE,Other,0011U00000rhpMXQAY,NJ,Northeast,7001,Female,53,42892,42,,Flat Fee,Non-Union,Local Government,Near Site,Paladina,Non-Union,Local Government
125,0014w000031pwc6AAA,Child,0013g000006NvUHAA0,MA,Northeast,2920,Female,48,38887,174,,All-In-Eligible,Non-Union,Wholesale Trade,On Site,Activate,Non-Union,Wholesale Trade
126,0014w000031pLXwAAM,Primary,0013g000006NvUHAA0,NJ,Northeast,7001,Female,41,43831,11,,All-In-Eligible,Non-Union,Wholesale Trade,On Site,Activate,Non-Union,Wholesale Trade
127,0014w00002pQ9e4AAC,Primary,0013g000006NvUHAA0,CT,Northeast,7001,Male,42,42662,50,,All-In-Eligible,Non-Union,Wholesale Trade,On Site,Activate,Non-Union,Wholesale Trade
128,0011U00000rhNCfQAM,Primary,0011U00000rhpMXQAY,MA,Northeast,7001,Female,43,42892,42,,Flat Fee,Non-Union,Local Government,Near Site,Paladina,Non-Union,Local Government
129,0011U00000rhn2fQAA,Other,0011U00000rhpMXQAY,NJ,Northeast,7001,Female,50,42892,42,,Flat Fee,Non-Union,Local Government,Near Site,Paladina,Non-Union,Local Government
130,0014w000031pwjRAAQ,Child,0013g000006NvUHAA0,NJ,Northeast,7001,Female,33,43881,10,,All-In-Eligible,Non-Union,Wholesale Trade,On Site,Activate,Non-Union,Wholesale Trade
131,0011U00000rh0KDQAY,Other,0011U00000rhpMXQAY,NH,Northeast,2816,Female,15,43435,24,,Flat Fee,Non-Union,Local Government,Near Site,Paladina,Non-Union,Local Government
132,0014w000031pLP3AAM,Primary,0013g000006NvUHAA0,NJ,Northeast,1420,Male,40,43101,35,,All-In-Eligible,Non-Union,Wholesale Trade,On Site,Activate,Non-Union,Wholesale Trade
133,0014w000031pJRhAAM,Child,0013g000006NvUHAA0,NJ,Northeast,1420,Female,20,43101,35,,All-In-Eligible,Non-Union,Wholesale Trade,On Site,Activate,Non-Union,Wholesale Trade
134,0011U00001ApJGxQAN,Child,0011U00000rhpMXQAY,NJ,Northeast,6880,Female,24,43831,11,,Flat Fee,Non-Union,Local Government,Near Site,Paladina,Non-Union,Local Government
135,0011U00000rhccyQAA,Other,0011U00000rhpMXQAY,ME,Northeast,1420,Female,53,42892,42,,Flat Fee,Non-Union,Local Government,Near Site,Paladina,Non-Union,Local Government
136,0014w000031qxynAAA,Primary,0013g000006NvUjAAK,NJ,Northeast,2780,Male,65,43279,30,7,All-In-Eligible,Non-Union,Information,On Site,Activate,Non-Union,Information
137,0011U00000rh099QAA,Primary,0011U00000rhpMXQAY,MA,Northeast,7001,Male,58,42892,42,,Flat Fee,Non-Union,Local Government,Near Site,Paladina,Non-Union,Local Government
138,0014w000031pwW2AAI,Child,0013g000006NvUHAA0,MA,Northeast,7001,Male,40,44123,2,,All-In-Eligible,Non-Union,Wholesale Trade,On Site,Activate,Non-Union,Wholesale Trade
139,0011U00000rglDnQAI,Other,0011U00000rhpMXQAY,ME,Northeast,7001,Female,19,42892,42,,Flat Fee,Non-Union,Local Government,Near Site,Paladina,Non-Union,Local Government
140,0014w000031pwWXAAY,Child,0013g000006NvUHAA0,NJ,Northeast,6067,Male,57,41505,88,,All-In-Eligible,Non-Union,Wholesale Trade,On Site,Activate,Non-Union,Wholesale Trade
141,0014w000031pJCXAA2,Child,0013g000006NvUHAA0,NJ,Northeast,3275,Female,25,43567,20,,All-In-Eligible,Non-Union,Wholesale Trade,On Site,Activate,Non-Union,Wholesale Trade
142,0011U00000rh6V6QAI,Primary,0011U00000rhpMXQAY,MA,Northeast,7001,Male,56,42892,42,,Flat Fee,Non-Union,Local Government,Near Site,Paladina,Non-Union,Local Government
143,0014w000031pwYtAAI,Child,0013g000006NvUHAA0,NJ,Northeast,4102,Female,49,43605,19,,All-In-Eligible,Non-Union,Wholesale Trade,On Site,Activate,Non-Union,Wholesale Trade
144,0011U00000rh8ITQAY,Primary,0011U00000rhpMXQAY,NJ,Northeast,1453,Female,62,42892,42,,Flat Fee,Non-Union,Local Government,Near Site,Paladina,Non-Union,Local Government
145,0014w000031qgvnAAA,Primary,0013g000006NvUnAAK,MA,Northeast,1420,Female,60,42178,66,21,Flat Fee,Union,Other Services (except Public Administration),Near Site,Activate,Union,Other Services (except Public Administration)
146,0011U00000rgxIsQAI,Child,0011U00000rhpMXQAY,MA,Northeast,2067,Male,15,43101,35,,Flat Fee,Non-Union,Local Government,Near Site,Paladina,Non-Union,Local Government
147,0014w000031pJRhAAM,Child,0013g000006NvUHAA0,MA,Northeast,1830,Male,24,43101,35,,All-In-Eligible,Non-Union,Wholesale Trade,On Site,Activate,Non-Union,Wholesale Trade
148,0011U00000rhn2fQAA,Other,0011U00000rhpMXQAY,NJ,Northeast,2644,Female,14,42892,42,,Flat Fee,Non-Union,Local Government,Near Site,Paladina,Non-Union,Local Government
149,0014w000031pJIuAAM,Spouse,0013g000006NvUHAA0,CT,Northeast,1440,Female,56,43101,35,,All-In-Eligible,Non-Union,Wholesale Trade,On Site,Activate,Non-Union,Wholesale Trade
150,0014w000031pwicAAA,Child,0013g000006NvUHAA0,NJ,Northeast,7001,Female,42,41484,89,,All-In-Eligible,Non-Union,Wholesale Trade,On Site,Activate,Non-Union,Wholesale Trade
151,0014w000031pJZtAAM,Child,0013g000006NvUHAA0,MA,Northeast,6790,Female,20,43101,35,,All-In-Eligible,Non-Union,Wholesale Trade,On Site,Activate,Non-Union,Wholesale Trade
152,0011U00000rgmgpQAA,Primary,0011U00000rhpP2QAI,NJ,Northeast,7001,Male,53,42309,61,15,Opt In,Non-Union,Health Care and Social Assistance,Near Site,Paladina,Non-Union,Health Care and Social Assistance
153,0011U00000rhllkQAA,Other,0011U00000rhpMXQAY,CT,Northeast,1453,Female,20,42892,42,,Flat Fee,Non-Union,Local Government,Near Site,Paladina,Non-Union,Local Government
154,0014w000031pJIyAAM,Child,0013g000006NvUHAA0,NJ,Northeast,1453,Female,27,43891,9,,All-In-Eligible,Non-Union,Wholesale Trade,On Site,Activate,Non-Union,Wholesale Trade
155,0011U00000rhVJUQA2,Spouse,0011U00000rhpMXQAY,NJ,Northeast,7001,Female,55,43680,16,,Flat Fee,Non-Union,Local Government,Near Site,Paladina,Non-Union,Local Government
156,0014w000031pJJoAAM,Primary,0013g000006NvUHAA0,NJ,Northeast,7001,Male,37,43101,35,,All-In-Eligible,Non-Union,Wholesale Trade,On Site,Activate,Non-Union,Wholesale Trade
157,0011U00000rhBZWQA2,Primary,0011U00000rhpMXQAY,NJ,Northeast,1420,Female,49,42892,42,,Flat Fee,Non-Union,Local Government,Near Site,Paladina,Non-Union,Local Government
158,0011U00000rh4lbQAA,Other,0011U00000rhpMXQAY,NJ,Northeast,2864,Female,43,42948,40,,Flat Fee,Non-Union,Local Government,Near Site,Paladina,Non-Union,Local Government
159,0014w000031pJa1AAE,Child,0013g000006NvUHAA0,NJ,Northeast,7001,Female,25,43101,35,,All-In-Eligible,Non-Union,Wholesale Trade,On Site,Activate,Non-Union,Wholesale Trade
160,0011U00000rhGMoQAM,Primary,0011U00000rhpMXQAY,NJ,Northeast,1453,Female,61,42892,42,,Flat Fee,Non-Union,Local Government,Near Site,Paladina,Non-Union,Local Government
161,0014w000031pJHOAA2,Child,0013g000006NvUHAA0,MA,Northeast,7001,Male,9,43101,35,,All-In-Eligible,Non-Union,Wholesale Trade,On Site,Activate,Non-Union,Wholesale Trade
162,0014w000031pJO7AAM,Child,0013g000006NvUHAA0,NJ,Northeast,6786,Female,9,43374,26,,All-In-Eligible,Non-Union,Wholesale Trade,On Site,Activate,Non-Union,Wholesale Trade
163,0014w000031pwUuAAI,Child,0013g000006NvUHAA0,MA,Northeast,7001,Male,62,42605,52,,All-In-Eligible,Non-Union,Wholesale Trade,On Site,Activate,Non-Union,Wholesale Trade
164,0011U0000124je4QAA,Primary,0011U00000rhpMXQAY,NJ,Northeast,1420,Female,54,43739,14,,Flat Fee,Non-Union,Local Government,Near Site,Paladina,Non-Union,Local Government
165,0014w00002pQ9gOAAS,Primary,0013g000006NvUHAA0,MA,Northeast,7001,Male,63,42716,48,,All-In-Eligible,Non-Union,Wholesale Trade,On Site,Activate,Non-Union,Wholesale Trade
166,0014w000031pwpWAAQ,Child,0013g000006NvUHAA0,MA,Northeast,7001,Male,56,43255,30,,All-In-Eligible,Non-Union,Wholesale Trade,On Site,Activate,Non-Union,Wholesale Trade
167,0011U00000rgsijQAA,Child,0011U00000rhpMXQAY,ME,Northeast,6850,Female,7,43586,19,,Flat Fee,Non-Union,Local Government,Near Site,Paladina,Non-Union,Local Government
168,0011U00000rhU2yQAE,Primary,0011U00000rhpMXQAY,RI,Midwest,1420,Female,82,42892,42,,Flat Fee,Non-Union,Local Government,Near Site,Paladina,Non-Union,Local Government
169,0011U00000rhi5qQAA,Primary,0011U00000rhpMXQAY,NJ,Northeast,1453,Female,60,43466,23,,Flat Fee,Non-Union,Local Government,Near Site,Paladina,Non-Union,Local Government
170,0011U00000rh3o7QAA,Other,0011U00000rhpMXQAY,MA,Northeast,7001,Female,18,42892,42,,Flat Fee,Non-Union,Local Government,Near Site,Paladina,Non-Union,Local Government
171,0011U00000rhkLAQAY,Primary,0011U00000rhpMXQAY,NJ,Northeast,7001,Female,70,42892,42,,Flat Fee,Non-Union,Local Government,Near Site,Paladina,Non-Union,Local Government
172,0011U00000rgoFdQAI,Child,0011U00000rhpMXQAY,MA,Northeast,7001,Male,26,43556,20,,Flat Fee,Non-Union,Local Government,Near Site,Paladina,Non-Union,Local Government
173,0011U00000rh43fQAA,Other,0011U00000rhpMXQAY,CT,Northeast,4038,Female,20,42948,40,,Flat Fee,Non-Union,Local Government,Near Site,Paladina,Non-Union,Local Government
174,0013g000003oqR7AAI,Primary,0011U00000rhpLKQAY,NJ,Northeast,7001,Male,55,43862,10,,Opt In,Non-Union,Health Care and Social Assistance,Near Site,Everside,Non-Union,Health Care and Social Assistance
175,0011U00000rh5JaQAI,Spouse,0011U00000rhpMXQAY,NJ,Midwest,3842,Female,62,43466,23,,Flat Fee,Non-Union,Local Government,Near Site,Paladina,Non-Union,Local Government
176,0014w000031pwO7AAI,Child,0013g000006NvUHAA0,CT,Northeast,1453,Male,37,44158,1,,All-In-Eligible,Non-Union,Wholesale Trade,On Site,Activate,Non-Union,Wholesale Trade
177,0011U00000rgxYEQAY,Primary,0011U00000rhpMXQAY,MA,Northeast,7001,Male,61,42910,42,,Flat Fee,Non-Union,Local Government,Near Site,Paladina,Non-Union,Local Government
178,0014w000031pJChAAM,Child,0013g000006NvUHAA0,NJ,Northeast,5641,Female,26,43586,19,,All-In-Eligible,Non-Union,Wholesale Trade,On Site,Activate,Non-Union,Wholesale Trade
179,0011U00000rgsBdQAI,Other,0011U00000rhpMXQAY,NJ,Northeast,7001,Female,29,43709,15,,Flat Fee,Non-Union,Local Government,Near Site,Paladina,Non-Union,Local Government
180,0014w00003GEapEAAT,Child,0013g000006NvTvAAK,NJ,Northeast,7001,Female,29,41504,88,,All-In-Eligible,Non-Union,Educational Services,Near Site,Activate,Non-Union,Educational Services
181,0011U00000rhgChQAI,Other,0011U00000rhpMXQAY,NJ,Midwest,7001,Male,11,42892,42,,Flat Fee,Non-Union,Local Government,Near Site,Paladina,Non-Union,Local Government
182,0011U00000rgqYdQAI,Primary,0011U00000rhpMXQAY,MA,Northeast,7001,Male,67,43647,17,,Flat Fee,Non-Union,Local Government,Near Site,Paladina,Non-Union,Local Government
183,0011U00000rhgChQAI,Primary,0011U00000rhpMXQAY,ME,Northeast,7001,Female,48,42892,42,,Flat Fee,Non-Union,Local Government,Near Site,Paladina,Non-Union,Local Government
184,0011U00000rh9bYQAQ,Other,0011U00000rhpMXQAY,CT,Midwest,1462,Female,70,42892,42,,Flat Fee,Non-Union,Local Government,Near Site,Paladina,Non-Union,Local Government
185,0014w00002pQCWGAA4,Primary,0013g000006NvUHAA0,NJ,Northeast,7001,Female,68,42662,50,,All-In-Eligible,Non-Union,Wholesale Trade,On Site,Activate,Non-Union,Wholesale Trade
186,0011U00000rhIb0QAE,Primary,0011U00000rhpMXQAY,MA,Northeast,7001,Female,57,42892,42,,Flat Fee,Non-Union,Local Government,Near Site,Paladina,Non-Union,Local Government
187,0011U00000rgxy4QAA,Primary,0011U00000rhpMXQAY,MA,Northeast,7001,Female,33,42892,42,,Flat Fee,Non-Union,Local Government,Near Site,Paladina,Non-Union,Local Government
188,0011U00000rhG4ZQAU,Primary,0011U00000rhpMXQAY,MA,Northeast,7001,Female,64,42892,42,,Flat Fee,Non-Union,Local Government,Near Site,Paladina,Non-Union,Local Government
189,0011U00000rgkVxQAI,Primary,0011U00000rhpP7QAI,NJ,Northeast,7001,Female,40,43009,38,,Opt In,Non-Union,Health Care and Social Assistance,On Site,Paladina,Non-Union,Health Care and Social Assistance
190,0011U00000rh12PQAQ,Primary,0011U00000rhpMXQAY,NJ,Northeast,7001,Female,67,42892,42,,Flat Fee,Non-Union,Local Government,Near Site,Paladina,Non-Union,Local Government
191,0014w000031pLACAA2,Primary,0013g000006NvUHAA0,NJ,Northeast,6360,Female,63,43831,11,,All-In-Eligible,Non-Union,Wholesale Trade,On Site,Activate,Non-Union,Wholesale Trade
192,0014w000031pwjDAAQ,Child,0013g000006NvUHAA0,NJ,Northeast,7001,Female,58,40483,121,,All-In-Eligible,Non-Union,Wholesale Trade,On Site,Activate,Non-Union,Wholesale Trade
193,0011U00000rhDHAQA2,Spouse,0011U00000rhpMXQAY,NJ,Northeast,7001,Female,64,43092,36,,Flat Fee,Non-Union,Local Government,Near Site,Paladina,Non-Union,Local Government
194,0011U00000rgmLcQAI,Child,0011U00000rhpMXQAY,NJ,Northeast,7001,Female,5,43586,19,,Flat Fee,Non-Union,Local Government,Near Site,Paladina,Non-Union,Local Government
195,0013g000003oqR7AAI,Child,0011U00000rhpLKQAY,NJ,Northeast,5478,Female,16,43862,10,,Opt In,Non-Union,Health Care and Social Assistance,Near Site,Everside,Non-Union,Health Care and Social Assistance
196,0011U00000rgxO5QAI,Primary,0011U00000rhpMXQAY,NJ,Northeast,1606,Female,76,42892,42,,Flat Fee,Non-Union,Local Government,Near Site,Paladina,Non-Union,Local Government
197,0014w000031qgvnAAA,Spouse,0013g000006NvUnAAK,NJ,Northeast,7001,Female,60,42977,40,3,Flat Fee,Union,Other Services (except Public Administration),Near Site,Activate,Union,Other Services (except Public Administration)
198,0011U00000rhFSXQA2,Primary,0011U00000rhpMXQAY,CT,Northeast,6067,Female,59,42892,42,,Flat Fee,Non-Union,Local Government,Near Site,Paladina,Non-Union,Local Government
199,0011U00000rhLwfQAE,Primary,0011U00000rhpMXQAY,NJ,Northeast,1420,Female,43,43313,28,,Flat Fee,Non-Union,Local Government,Near Site,Paladina,Non-Union,Local Government
200,0011U00000rhHSPQA2,Other,0011U00000rhpMXQAY,MA,Northeast,7001,Female,26,42892,42,,Flat Fee,Non-Union,Local Government,Near Site,Paladina,Non-Union,Local Government
201,0011U00000rhHOaQAM,Child,0011U00000rhpMXQAY,NJ,Northeast,7001,Female,29,43040,37,,Flat Fee,Non-Union,Local Government,Near Site,Paladina,Non-Union,Local Government
202,0014w000031pJRuAAM,Child,0013g000006NvUHAA0,CT,Northeast,7001,Male,24,43101,35,,All-In-Eligible,Non-Union,Wholesale Trade,On Site,Activate,Non-Union,Wholesale Trade
203,0013g00000CgHmIAAV,Other,0011U00000rhpNkQAI,NJ,Northeast,6902,Female,15,44166,0,,Opt In,Non-Union,Educational Services,Near Site,Paladina,Non-Union,Educational Services
204,0011U00000rh0KDQAY,Spouse,0011U00000rhpMXQAY,NJ,Northeast,7001,Female,60,43435,24,,Flat Fee,Non-Union,Local Government,Near Site,Paladina,Non-Union,Local Government
205,0011U00000rh2cUQAQ,Other,0011U00000rhpMXQAY,MA,Northeast,1453,Female,18,42948,40,,Flat Fee,Non-Union,Local Government,Near Site,Paladina,Non-Union,Local Government
206,0014w000031pwU8AAI,Child,0013g000006NvUHAA0,NJ,Northeast,7001,Female,61,42198,65,,All-In-Eligible,Non-Union,Wholesale Trade,On Site,Activate,Non-Union,Wholesale Trade
207,0014w000031pLb1AAE,Primary,0013g000006NvUHAA0,NJ,Northeast,1420,Female,26,43678,16,,All-In-Eligible,Non-Union,Wholesale Trade,On Site,Activate,Non-Union,Wholesale Trade
208,0014w00002pQCh7AAG,Primary,0013g000006NvUHAA0,IN,Northeast,7001,Male,75,42662,50,,All-In-Eligible,Non-Union,Wholesale Trade,On Site,Activate,Non-Union,Wholesale Trade
209,0011U00000rh76PQAQ,Other,0011U00000rhpMXQAY,NJ,Northeast,7001,Female,17,42948,40,,Flat Fee,Non-Union,Local Government,Near Site,Paladina,Non-Union,Local Government
210,0014w000031pLgGAAU,Primary,0013g000006NvUHAA0,VT,Northeast,3743,Female,29,43101,35,,All-In-Eligible,Non-Union,Wholesale Trade,On Site,Activate,Non-Union,Wholesale Trade
211,0014w000031pwljAAA,Child,0013g000006NvUHAA0,NJ,Northeast,7001,Female,66,42254,63,,All-In-Eligible,Non-Union,Wholesale Trade,On Site,Activate,Non-Union,Wholesale Trade
212,0011U00000rhVUKQA2,Other,0011U00000rhpMXQAY,NJ,Northeast,2739,Female,21,42892,42,,Flat Fee,Non-Union,Local Government,Near Site,Paladina,Non-Union,Local Government
213,0013g00000B30GCAAZ,Primary,0011U00000rhpMXQAY,NJ,Northeast,7001,Female,73,44131,2,0,Flat Fee,Non-Union,Local Government,Near Site,Paladina,Non-Union,Local Government
214,0014w000031pLKoAAM,Primary,0013g000006NvUHAA0,NJ,Northeast,7001,Female,54,43952,7,,All-In-Eligible,Non-Union,Wholesale Trade,On Site,Activate,Non-Union,Wholesale Trade
215,0014w000031pJZtAAM,Spouse,0013g000006NvUHAA0,NJ,Northeast,1106,Male,60,43101,35,,All-In-Eligible,Non-Union,Wholesale Trade,On Site,Activate,Non-Union,Wholesale Trade
216,0011U00000rhHC6QAM,Other,0011U00000rhpMXQAY,NJ,Northeast,2644,Female,43,42924,41,,Flat Fee,Non-Union,Local Government,Near Site,Paladina,Non-Union,Local Government
217,0011U00000rh7U4QAI,Other,0011U00000rhpMXQAY,NH,Northeast,4653,Male,50,43831,11,,Flat Fee,Non-Union,Local Government,Near Site,Paladina,Non-Union,Local Government
218,0011U00000rhgChQAI,Other,0011U00000rhpMXQAY,NJ,Northeast,1420,Female,24,42892,42,,Flat Fee,Non-Union,Local Government,Near Site,Paladina,Non-Union,Local Government
219,0014w00003GEcfoAAD,Spouse,0013g000006NvU7AAK,NJ,Northeast,6331,Female,44,41101,101,,All-In-Eligible,Non-Union,Educational Services,On Site,Activate,Non-Union,Educational Services
220,0011U00000rgn1zQAA,Other,0011U00000rhpMXQAY,NJ,Northeast,2067,Male,45,43831,11,,Flat Fee,Non-Union,Local Government,Near Site,Paladina,Non-Union,Local Government
221,0013g000003oqR7AAI,Spouse,0011U00000rhpLKQAY,IN,Northeast,7001,Female,53,43862,10,,Opt In,Non-Union,Health Care and Social Assistance,Near Site,Everside,Non-Union,Health Care and Social Assistance
222,0011U00000rh8isQAA,Primary,0011U00000rhpMXQAY,CT,Northeast,7001,Female,66,42892,42,,Flat Fee,Non-Union,Local Government,Near Site,Paladina,Non-Union,Local Government
223,0011U00000rhY0kQAE,Other,0011U00000rhpMXQAY,NJ,Northeast,7001,Male,16,42948,40,,Flat Fee,Non-Union,Local Government,Near Site,Paladina,Non-Union,Local Government
224,0011U00000rhLjqQAE,Other,0011U00000rhpMXQAY,NH,Northeast,7001,Female,15,42892,42,,Flat Fee,Non-Union,Local Government,Near Site,Paladina,Non-Union,Local Government
225,0011U00000rgq72QAA,Other,0011U00000rhpMXQAY,CT,Northeast,1420,Male,55,42892,42,,Flat Fee,Non-Union,Local Government,Near Site,Paladina,Non-Union,Local Government
226,0011U00000rh4lbQAA,Other,0011U00000rhpMXQAY,NJ,Northeast,3062,Female,12,42948,40,,Flat Fee,Non-Union,Local Government,Near Site,Paladina,Non-Union,Local Government
227,0011U00000rhi64QAA,Other,0011U00000rhpMXQAY,MA,Northeast,7001,Female,77,42892,42,,Flat Fee,Non-Union,Local Government,Near Site,Paladina,Non-Union,Local Government
228,0011U00000rgsMFQAY,Primary,0011U00000rhpMXQAY,CT,Northeast,6420,Female,61,42892,42,,Flat Fee,Non-Union,Local Government,Near Site,Paladina,Non-Union,Local Government
229,0011U00000rhIP9QAM,Primary,0011U00000rhpMXQAY,NJ,Northeast,1453,Female,37,42892,42,,Flat Fee,Non-Union,Local Government,Near Site,Paladina,Non-Union,Local Government
230,0011U00000rgsijQAA,Other,0011U00000rhpMXQAY,NJ,Northeast,3109,Male,41,42896,42,,Flat Fee,Non-Union,Local Government,Near Site,Paladina,Non-Union,Local Government
231,0011U00000rgnQAQAY,Primary,0011U00000rhpMXQAY,NJ,Northeast,4106,Female,64,42917,41,,Flat Fee,Non-Union,Local Government,Near Site,Paladina,Non-Union,Local Government
232,0014w00002pQAndAAG,Primary,0013g000006NvUHAA0,NJ,Northeast,2301,Female,54,42662,50,,All-In-Eligible,Non-Union,Wholesale Trade,On Site,Activate,Non-Union,Wholesale Trade
233,0011U00001ApN4DQAV,Primary,0011U00000rhpMXQAY,NJ,Northeast,7001,Male,37,43831,11,,Flat Fee,Non-Union,Local Government,Near Site,Paladina,Non-Union,Local Government
234,0014w000031pwUzAAI,Child,0013g000006NvUHAA0,MA,Northeast,1420,Female,45,44186,0,,All-In-Eligible,Non-Union,Wholesale Trade,On Site,Activate,Non-Union,Wholesale Trade
235,0014w000031pJRhAAM,Spouse,0013g000006NvUHAA0,NJ,Northeast,1440,Female,64,43101,35,,All-In-Eligible,Non-Union,Wholesale Trade,On Site,Activate,Non-Union,Wholesale Trade
236,0014w000031pLKoAAM,Spouse,0013g000006NvUHAA0,MA,Northeast,7001,Male,42,43952,7,,All-In-Eligible,Non-Union,Wholesale Trade,On Site,Activate,Non-Union,Wholesale Trade
237,0014w000031pwpZAAQ,Child,0013g000006NvUHAA0,NJ,Northeast,7001,Female,61,37823,209,,All-In-Eligible,Non-Union,Wholesale Trade,On Site,Activate,Non-Union,Wholesale Trade
238,0011U00000rghosQAA,Spouse,0011U00000rhpP2QAI,NJ,Northeast,1420,Male,78,41148,100,,Opt In,Non-Union,Health Care and Social Assistance,Near Site,Paladina,Non-Union,Health Care and Social Assistance
239,0011U00000rgpJcQAI,Primary,0011U00000rhpMXQAY,NJ,Northeast,1510,Male,45,42892,42,,Flat Fee,Non-Union,Local Government,Near Site,Paladina,Non-Union,Local Government
240,0014w000031pLM2AAM,Primary,0013g000006NvUHAA0,NJ,Northeast,7001,Female,70,43831,11,,All-In-Eligible,Non-Union,Wholesale Trade,On Site,Activate,Non-Union,Wholesale Trade
241,0011U00000rh4K7QAI,Primary,0011U00000rhpMXQAY,MA,Northeast,7001,Male,57,43466,23,,Flat Fee,Non-Union,Local Government,Near Site,Paladina,Non-Union,Local Government
242,0011U00000rh0KDQAY,Other,0011U00000rhpMXQAY,NJ,Northeast,7001,Female,22,43435,24,,Flat Fee,Non-Union,Local Government,Near Site,Paladina,Non-Union,Local Government
243,0014w000031pLBcAAM,Spouse,0013g000006NvUHAA0,NJ,Northeast,7001,Female,63,43101,35,,All-In-Eligible,Non-Union,Wholesale Trade,On Site,Activate,Non-Union,Wholesale Trade
244,0011U00000rh3inQAA,Primary,0011U00000rhpMXQAY,MA,Northeast,6331,Female,42,43040,37,,Flat Fee,Non-Union,Local Government,Near Site,Paladina,Non-Union,Local Government
245,0014w000031pwOsAAI,Child,0013g000006NvUHAA0,NJ,Northeast,6067,Female,58,44035,5,,All-In-Eligible,Non-Union,Wholesale Trade,On Site,Activate,Non-Union,Wholesale Trade
246,0014w00002pQ9SpAAK,Primary,0013g000006NvUHAA0,NJ,Northeast,4612,Male,57,42662,50,,All-In-Eligible,Non-Union,Wholesale Trade,On Site,Activate,Non-Union,Wholesale Trade
247,0011U00000rh11qQAA,Child,0011U00000rhpMXQAY,NJ,Northeast,2644,Female,12,43525,21,,Flat Fee,Non-Union,Local Government,Near Site,Paladina,Non-Union,Local Government
248,0011U00000rh1cKQAQ,Child,0011U00000rhpMXQAY,CT,Northeast,7001,Female,30,43040,37,,Flat Fee,Non-Union,Local Government,Near Site,Paladina,Non-Union,Local Government
249,0011U00000rh5UnQAI,Child,0011U00000rhpMXQAY,NJ,Northeast,7001,Female,9,43374,26,,Flat Fee,Non-Union,Local Government,Near Site,Paladina,Non-Union,Local Government
250,0011U00000rgqAXQAY,Child,0011U00000rhpMXQAY,NJ,Northeast,2920,Female,21,43101,35,,Flat Fee,Non-Union,Local Government,Near Site,Paladina,Non-Union,Local Government
251,0014w000031pwXKAAY,Child,0013g000006NvUHAA0,MA,Northeast,1830,Female,65,40784,112,,All-In-Eligible,Non-Union,Wholesale Trade,On Site,Activate,Non-Union,Wholesale Trade
252,0011U00000rghosQAA,Primary,0011U00000rhpP2QAI,NJ,Northeast,2790,Male,65,41148,100,,Opt In,Non-Union,Health Care and Social Assistance,Near Site,Paladina,Non-Union,Health Care and Social Assistance
253,0011U00000rhHOaQAM,Primary,0011U00000rhpMXQAY,NJ,Northeast,4240,Male,52,43040,37,,Flat Fee,Non-Union,Local Government,Near Site,Paladina,Non-Union,Local Government
254,0011U00000rgpgRQAQ,Primary,0011U00000rhpMXQAY,CT,Northeast,1420,Male,52,43588,19,,Flat Fee,Non-Union,Local Government,Near Site,Paladina,Non-Union,Local Government
255,0011U00000rhY0kQAE,Primary,0011U00000rhpMXQAY,NJ,Northeast,7001,Female,47,42948,40,,Flat Fee,Non-Union,Local Government,Near Site,Paladina,Non-Union,Local Government
256,0014w000031pJRuAAM,Child,0013g000006NvUHAA0,NJ,Northeast,2889,Female,26,43101,35,,All-In-Eligible,Non-Union,Wholesale Trade,On Site,Activate,Non-Union,Wholesale Trade
257,0014w000031pLG0AAM,Primary,0013g000006NvUHAA0,NJ,Northeast,1420,Female,35,43831,11,,All-In-Eligible,Non-Union,Wholesale Trade,On Site,Activate,Non-Union,Wholesale Trade
258,0014w000031pwiLAAQ,Child,0013g000006NvUHAA0,CT,Northeast,7001,Female,46,41345,93,,All-In-Eligible,Non-Union,Wholesale Trade,On Site,Activate,Non-Union,Wholesale Trade
259,0011U00000rh76PQAQ,Other,0011U00000rhpMXQAY,NJ,Northeast,7001,Female,58,42948,40,,Flat Fee,Non-Union,Local Government,Near Site,Paladina,Non-Union,Local Government
260,0011U00000rgvlyQAA,Other,0011U00000rhpMXQAY,NJ,Northeast,7001,Female,49,42892,42,,Flat Fee,Non-Union,Local Government,Near Site,Paladina,Non-Union,Local Government
261,0011U00000rh1cKQAQ,Primary,0011U00000rhpMXQAY,NJ,Northeast,7001,Male,60,43040,37,,Flat Fee,Non-Union,Local Government,Near Site,Paladina,Non-Union,Local Government
262,0011U00000rgvnSQAQ,Other,0011U00000rhpMXQAY,MA,Northeast,7001,Male,55,42892,42,,Flat Fee,Non-Union,Local Government,Near Site,Paladina,Non-Union,Local Government
263,0011U00000rh8HpQAI,Primary,0011U00000rhpMXQAY,NJ,Northeast,7001,Female,64,43313,28,,Flat Fee,Non-Union,Local Government,Near Site,Paladina,Non-Union,Local Government
264,0014w00003GEkq7AAD,Primary,0013g000006NvTSAA0,NJ,Northeast,7001,Female,42,42177,66,,All-In-Eligible,Non-Union,Manufacturing,On Site,Activate,Non-Union,Manufacturing
265,0014w000031pLKjAAM,Primary,0013g000006NvUHAA0,RI,Northeast,2779,Female,37,43101,35,,All-In-Eligible,Non-Union,Wholesale Trade,On Site,Activate,Non-Union,Wholesale Trade
266,0011U00000rhHOaQAM,Child,0011U00000rhpMXQAY,RI,Northeast,7001,Female,28,43040,37,,Flat Fee,Non-Union,Local Government,Near Site,Paladina,Non-Union,Local Government
267,0014w000031pwY5AAI,Child,0013g000006NvUHAA0,ME,Northeast,7001,Female,43,43978,7,,All-In-Eligible,Non-Union,Wholesale Trade,On Site,Activate,Non-Union,Wholesale Trade
268,0014w000031pwa1AAA,Child,0013g000006NvUHAA0,CT,Northeast,6340,Male,40,40994,105,,All-In-Eligible,Non-Union,Wholesale Trade,On Site,Activate,Non-Union,Wholesale Trade
269,0014w000031pLLIAA2,Primary,0013g000006NvUHAA0,MA,Northeast,6107,Male,65,43101,35,,All-In-Eligible,Non-Union,Wholesale Trade,On Site,Activate,Non-Union,Wholesale Trade
270,0014w00003GEnR6AAL,Child,0013g000006NvTbAAK,NJ,Northeast,1420,Female,32,40900,108,,All-In-Eligible,Non-Union,Educational Services,Near Site,Activate,Non-Union,Educational Services
271,0011U00000rhMQfQAM,Other,0011U00000rhpMXQAY,ME,Northeast,7001,Female,13,42892,42,,Flat Fee,Non-Union,Local Government,Near Site,Paladina,Non-Union,Local Government
272,0011U00000rh0KDQAY,Other,0011U00000rhpMXQAY,ME,Northeast,7001,Female,18,43435,24,,Flat Fee,Non-Union,Local Government,Near Site,Paladina,Non-Union,Local Government
273,0011U00000rhFSXQA2,Other,0011U00000rhpMXQAY,MA,Northeast,7001,Male,27,42892,42,,Flat Fee,Non-Union,Local Government,Near Site,Paladina,Non-Union,Local Government
274,0011U00000rhBnfQAE,Other,0011U00000rhpMXQAY,MA,Northeast,7001,Female,25,42892,42,,Flat Fee,Non-Union,Local Government,Near Site,Paladina,Non-Union,Local Government
275,0011U00000rhPrcQAE,Other,0011U00000rhpMXQAY,NJ,Northeast,7001,Female,20,42892,42,,Flat Fee,Non-Union,Local Government,Near Site,Paladina,Non-Union,Local Government
276,0014w00002pQ9V3AAK,Primary,0013g000006NvUHAA0,ME,Northeast,4412,Male,65,42662,50,,All-In-Eligible,Non-Union,Wholesale Trade,On Site,Activate,Non-Union,Wholesale Trade
277,0011U00000rgpi5QAA,Spouse,0011U00000rhpMXQAY,NJ,Northeast,7001,Female,46,43101,35,,Flat Fee,Non-Union,Local Government,Near Site,Paladina,Non-Union,Local Government
278,0011U00000rh2cUQAQ,Primary,0011U00000rhpMXQAY,NJ,Northeast,2067,Male,51,42948,40,,Flat Fee,Non-Union,Local Government,Near Site,Paladina,Non-Union,Local Government
279,0014w00002pQ9TWAA0,Primary,0013g000006NvUHAA0,MA,Northeast,6786,Male,69,42662,50,,All-In-Eligible,Non-Union,Wholesale Trade,On Site,Activate,Non-Union,Wholesale Trade
